bathrooms,square_feet,school_rating,crime_rate,price_per_sqft,total_rooms,neighborhood_encoded,price
3.3,1860.0,7.300000000000001,1.45,202.58387096774194,5.3,3,376806
2.2,812.0,3.2,8.55,156.95443349753694,5.2,2,127447
2.8,8169.0,7.0,5.97,188.71477537030236,3.8,1,1541611
2.9,1732.0,8.5,1.0,226.58429561200924,7.9,3,392444
2.1,1409.0,3.1,2.56,263.2611781405252,7.1,6,370935
2.5,1866.0,6.8,4.65,242.02090032154342,6.5,1,451611
2.2,2894.0,9.0,3.18,207.7854181064271,4.2,1,601331
1.2,2105.0,6.3,7.2,181.89121140142518,2.2,3,382881
2.3,872.0,3.0,1.11,219.44495412844037,4.3,4,191356
1.3,2372.0,3.1,5.39,220.63279932546374,2.3,6,523341
2.2,1257.0,7.300000000000001,3.73,223.19729514717582,6.2,3,280559
2.8,500.0,4.1,2.14,454.482,6.8,6,227241
2.7,3197.0,7.7,4.94,252.94776352830777,7.7,6,808674
3.0,2366.0,8.0,3.78,215.45097210481825,5.0,1,509757
1.3,1937.0,4.2,7.87,141.26690758905525,6.3,2,273634
3.0,1724.0,9.2,4.17,276.6600928074246,5.0,6,476962
1.9,3118.0,6.6,5.82,174.13502245028866,6.9,5,542953
2.2,4470.0,4.0,1.38,197.6903803131991,5.2,1,883676
3.6,2359.0,8.3,3.33,186.03772785078422,6.6,4,438863
1.0,1176.0,8.5,2.7,162.5501700680272,4.0,2,191159
2.8,1876.0,7.5,7.85,202.50692963752664,5.8,5,379903
2.8,2344.0,9.0,9.51,179.0759385665529,3.8,5,419754
2.2,500.0,8.2,2.42,323.894,5.2,4,161947
1.7,2268.0,9.2,6.9,145.11111111111111,5.7,2,329112
1.7,2349.0,6.0,0.68,227.6364410387399,5.7,1,534718
3.7,3061.0,8.2,0.9,208.22933681803332,4.7,0,637390
2.3,2978.0,10.0,13.34,133.7411014103425,3.3,2,398281
2.0,2089.0,8.1,0.88,190.22738152225946,5.0,4,397385
2.3,3212.0,3.8,4.61,167.21450809464508,5.3,5,537093
3.0,3629.0,6.6,5.29,215.0201157343621,8.0,1,780308
1.4,2022.0,7.1,12.91,132.59149357072206,3.4,2,268100
2.3,2335.0,4.2,6.59,205.15203426124197,7.3,0,479030
2.8,586.0,9.7,7.11,227.70819112627987,4.8,0,133437
3.8,839.0,4.2,3.87,324.7091775923719,6.8,6,272431
1.8,1329.0,4.2,5.4,287.9112114371708,4.8,6,382634
2.1,1645.0,9.4,5.52,203.16170212765957,7.1,3,334201
2.1,1123.0,6.3,2.82,254.40160284951025,7.1,4,285693
2.8,1971.0,3.4,1.1,150.55910705225773,4.8,2,296752
2.1,1669.0,7.2,1.99,168.6740563211504,3.1,2,281517
2.6,2857.0,7.2,5.31,171.5106755337767,4.6,3,490006
3.3,1620.0,3.5,9.03,178.69753086419752,8.3,5,289490
3.1,500.0,9.8,8.4,338.062,8.1,5,169031
2.3,2101.0,6.8,8.66,159.50690147548787,3.3,3,335124
3.6,1989.0,6.9,5.35,212.56762192056308,8.6,5,422797
2.7,1310.0,6.6,4.49,306.1206106870229,3.7,6,401018
2.6,2076.0,7.3,12.25,134.70231213872833,6.6,2,279642
1.1,1140.0,4.9,5.9,200.98157894736843,3.1,3,229119
4.0,2264.0,5.0,5.47,153.52473498233215,6.0,2,347580
1.4,4106.0,6.6,6.04,175.6668290306868,2.4,0,721288
1.7,556.0,8.6,4.85,359.82553956834533,3.7,6,200063
1.2,1587.0,3.3,2.19,228.02709514807813,6.2,1,361879
2.9,1459.0,7.2,5.2,288.03221384509936,5.9,6,420239
1.7,1653.0,8.6,2.45,188.01633393829403,2.7,3,310791
1.5,2816.0,4.1,4.9,202.73970170454547,3.5,1,570915
1.3,2679.0,5.2,6.73,169.41582680104517,2.3,3,453865
2.8,2024.0,7.1,2.27,172.80088932806325,5.8,4,349749
3.1,942.0,4.0,13.49,164.2940552016985,8.1,2,154765
2.4,2597.0,6.9,4.79,126.01655756642279,4.4,2,327265
3.1,2137.0,6.6,6.35,195.67056621431914,7.1,5,418148
1.1,10375.600000000008,4.9,1.59,158.57945564593842,2.1,4,1645357
2.0,2235.0,5.8,1.62,167.75257270693513,3.0,4,374927
3.9,1054.0,8.4,5.25,242.61100569259963,6.9,0,255712
2.7,1582.0,9.6,4.14,218.89317319848294,7.7,4,346289
1.8,2452.0,9.0,3.4,221.24877650897227,5.8,1,542502
2.6,2568.0,6.75,3.36,164.24883177570092,4.6,4,421791
2.0,2684.0,5.9,6.19,144.76266766020865,6.0,2,388543
2.6,1161.0,5.3,4.46,136.17140396210164,4.6,2,158095
1.4,1039.0,3.9,8.43,226.59191530317614,6.4,3,235429
1.4,1848.0,3.7,9.05,88.42694805194805,3.4,2,163413
1.4,3152.0,7.8,8.26,167.58819796954316,4.4,3,528238
3.8,1445.0,4.8,3.65,163.07681660899655,6.8,2,235646
3.2,2364.0,4.8,1.28,219.66201353637902,6.2,1,519281
1.5,2364.0,10.0,7.61,154.8384094754653,4.5,3,366038
1.6,2609.0,4.3,3.35,246.61632809505556,5.6,6,643422
3.2,3332.0,4.0,2.28,189.7593037214886,8.2,5,632278
1.5,3250.0,3.7,3.78,168.60184615384617,3.5,0,547956
1.7,1524.0,7.1,11.71,122.54527559055119,3.7,2,186759
3.9,500.0,7.4,2.34,373.836,6.9,4,186918
1.8,1457.0,5.6,9.95,134.06039807824297,4.8,2,195326
3.0,2061.0,6.7,1.73,161.8622028141679,4.0,4,333598
3.9,1711.0,8.5,4.03,247.75043834015196,8.9,5,423901
2.1,3574.0,8.7,9.52,172.20173475097928,6.1,5,615449
1.1,9396.0,9.7,2.83,166.8179012345679,3.1,5,1567421
1.7,2523.0,8.8,2.58,170.3115338882283,2.7,4,429696
3.5,2174.0,7.0,12.3,130.70147194112235,4.5,2,284145
3.6,1723.0,6.6,2.75,187.25130586186884,5.6,5,322634
3.3,500.0,6.8,2.89,328.896,7.3,1,164448
1.3,1937.0,3.4,5.62,159.95198760970572,2.3,3,309827
3.4,4604.0,7.7,2.47,155.27215464813207,4.4,4,714873
3.8,1004.0,8.7,2.37,284.48207171314743,8.8,4,285620
3.8,3549.0,3.4,2.94,156.59227951535644,4.8,4,555746
3.5,2594.0,6.7,3.11,162.70740169622206,7.5,4,422063
3.0,2150.0,9.6,6.48,205.07767441860466,5.0,5,440917
2.7,3090.0,7.2,1.85,147.78349514563106,5.7,2,456651
2.0,1335.0,8.7,6.28,183.412734082397,3.0,5,244856
1.5,1915.0,8.6,8.41,197.82715404699738,6.5,3,378839
2.8,2764.0,9.5,5.01,162.30607814761217,4.8,3,448614
2.0,3688.0,8.4,7.04,181.18926247288502,6.0,5,668226
3.6,1065.0,8.2,5.14,231.81690140845072,5.6,3,246885
4.0,3025.0,4.6,5.75,125.8793388429752,5.0,2,380785
3.3,2305.0,3.4,7.06,173.69631236442515,7.3,0,400370
1.3,2130.0,6.6,2.26,183.88169014084508,4.3,5,391668
1.9,1994.0,3.9,3.02,223.69608826479438,3.9,1,446050
1.3,892.0,9.7,2.75,295.195067264574,2.3,1,263314
3.0,2770.0,5.0,2.12,173.32057761732852,8.0,4,480098
3.3,1374.0,9.0,1.59,227.23944687045125,7.3,3,312227
3.8,1136.0,5.7,3.4,272.2271126760563,5.8,1,309250
2.3,2708.0,5.3,0.46,168.40472673559822,4.3,4,456040
3.7,2631.0,9.5,6.69,188.49676928924364,6.7,0,495935
3.6,2063.0,5.5,9.84,138.32719340765874,6.6,2,285369
2.0,2864.0,5.7,3.7,139.58868715083798,7.0,2,399782
3.6,3141.0,3.7,13.13,129.62973575294492,8.6,2,407167
2.1,3047.0,7.7,5.43,195.03675746636034,3.1,1,594277
1.9,1577.0,5.0,6.05,182.91693088142043,2.9,0,288460
2.9,2811.0,7.1,2.87,221.57132692991817,7.9,1,622837
1.0,2169.0,7.1,2.5,193.83725218994928,6.0,3,420433
2.9,3381.0,8.0,4.78,233.65128660159715,6.9,1,789975
2.8,1901.0,8.2,2.23,222.55970541820093,5.8,0,423086
2.7,1715.0,6.6,8.4,188.91953352769679,3.7,0,323997
2.1,1509.0,5.3,7.5,208.08416169648774,5.1,3,313999
2.6,2151.0,8.9,7.06,200.26359832635984,5.6,0,430767
2.8,2373.0,5.2,10.5,192.33586177833965,7.8,0,456413
2.6,2389.0,6.6,1.35,146.21222268731688,6.6,2,349301
2.3,2279.0,7.300000000000001,8.08,174.02281702501097,4.3,3,396598
1.0,2537.0,6.45,0.97,254.72881355932202,5.0,6,646247
2.8,1822.0,6.0,3.74,272.99286498353456,6.8,6,497393
1.5,1302.0,6.4,3.56,229.9846390168971,4.5,0,299440
2.9,1232.0,7.8,4.74,311.88555194805195,6.9,6,384243
3.3,2780.0,7.2,3.04,250.13741007194244,4.3,6,695382
2.5,2376.0,6.4,2.27,196.76304713804714,5.5,0,467509
2.6,515.0,6.6,3.35,324.56699029126213,3.6,6,167152
3.9,2877.0,8.1,2.85,233.94855752519987,5.9,1,673070
3.5,3504.0,9.9,3.28,175.26027397260273,6.5,4,614112
3.7,1427.0,7.4,7.83,180.6615276804485,5.7,3,257804
3.4,2269.0,5.6,2.14,186.44953724107538,6.4,4,423054
1.3,1621.0,4.6,4.01,203.74768661320172,6.3,0,330275
1.4,2503.0,6.6,1.1,155.55813024370755,5.4,2,389362
2.6,1067.0,8.7,5.29,240.02343017806936,7.6,3,256105
1.7,1943.0,4.6,5.28,177.70921255790014,3.7,0,345289
2.4,2785.0,4.4,5.96,139.76193895870736,6.4,2,389237
2.2,2989.0,8.0,1.12,174.21211107393776,5.2,4,520720
2.6,2341.0,5.2,5.59,198.7842802221273,6.6,0,465354
3.2,1729.0,5.1,8.67,152.43146327356854,4.2,3,263554
3.1,726.0,4.1,3.01,233.71900826446281,7.1,3,169680
2.6,1394.0,4.8,6.0,181.87733142037303,3.6,5,253537
3.5,1625.0,6.0,5.06,230.26276923076924,7.5,1,374177
2.3,1442.0,8.1,4.28,265.40291262135923,3.3,6,382711
3.7,2048.0,5.4,5.75,140.7900390625,5.7,2,288338
1.2,1726.0,5.3,6.1,209.8180764774044,6.2,5,362146
3.9,2138.0,5.0,4.92,260.80308699719365,6.9,6,557597
3.0,2962.0,6.3,0.43,271.32646860229573,7.0,6,803669
2.1,1675.0,4.3,5.65,190.22029850746267,7.1,0,318619
1.6,894.0,6.4,1.53,345.60850111856826,4.6,6,308974
2.4,1439.0,7.9,2.73,248.76441973592773,5.4,1,357972
1.6,2467.0,3.2,3.98,149.89866234292663,2.6,3,369800
1.5,2542.0,3.1,7.32,167.98583792289537,3.5,5,427020
2.9,2325.0,6.45,0.84,243.10193548387096,4.9,6,565212
2.6,3041.0,6.7,6.52,198.00789214074317,7.6,0,602142
3.0,1851.0,9.0,3.79,236.1307401404646,5.0,1,437078
3.8,3642.0,3.0,2.52,161.58237232289952,7.8,4,588483
2.6,2655.0,9.6,6.59,179.18154425612053,4.6,3,475727
2.7,500.0,3.7,3.72,313.852,7.7,3,156926
1.3,3441.0,8.9,9.1,159.9009009009009,3.3,5,550219
3.2,1386.0,6.4,4.52,200.55266955266956,7.2,3,277966
2.2,1173.0,7.6,3.35,290.1005967604433,3.2,6,340288
3.9,2419.0,6.6,10.04,201.5291442744936,8.9,0,487499
3.5,609.0,6.3,2.82,251.92282430213464,4.5,3,153421
2.6,1444.0,8.8,1.17,214.65512465373962,3.6,3,309962
1.4,3246.0,8.3,3.49,162.08348736906962,2.4,4,526123
3.6,2445.0,6.4,2.47,179.7840490797546,6.6,4,439572
3.4,2650.0,3.8,13.0,128.8633962264151,6.4,2,341488
1.6,1474.0,3.8,6.3,188.89823609226593,2.6,1,278436
1.9,769.0,8.6,2.45,468.71001300390117,6.9,6,360438
3.4,2565.0,6.7,3.98,196.03664717348929,7.4,3,502834
1.6,2744.0,6.4,3.92,175.932944606414,5.6,3,482760
3.8,2708.0,7.8,4.4,192.55834564254062,5.8,0,521448
2.3,2167.0,9.0,11.45,145.42362713428705,7.3,2,315133
1.3,1226.0,7.4,4.95,272.605220228385,4.3,1,334214
3.4,3950.0,8.3,7.36,128.67848101265824,4.4,2,508280
2.1,2384.0,8.4,1.0,188.5981543624161,4.1,5,449618
2.6,1861.0,5.5,2.26,236.94142933906502,6.6,1,440948
1.3,1864.0,4.9,2.96,188.90343347639484,4.3,3,352116
1.0,2120.0,8.6,7.24,174.0617924528302,4.0,3,369011
2.9,2856.0,5.6,0.93,211.29131652661064,3.9,1,603448
2.5,2152.0,9.3,7.2,185.86663568773236,6.5,3,399985
2.8,2687.0,3.5,3.86,256.54558987718644,7.8,6,689338
3.4,2121.0,6.8,4.79,201.95568128241396,6.4,1,428348
2.9,1910.0,9.5,6.73,149.94083769633508,3.9,2,286387
1.5,2513.0,7.5,4.48,219.32630322323917,6.5,1,551167
2.1,2483.0,5.7,5.57,172.27023761578735,6.1,3,427747
3.7,1864.0,8.3,4.39,273.2381974248927,6.7,6,509316
3.3,1401.0,6.45,2.7,286.8636688079943,8.3,6,401896
2.7,2273.0,6.7,4.86,205.65068191816982,7.7,5,467444
1.8,2063.0,6.6,9.59,128.07028599127483,6.8,2,264209
1.9,1556.0,8.7,0.79,189.66323907455012,4.9,4,295116
3.2,1326.0,9.1,2.26,243.39668174962293,6.2,4,322744
3.6,2328.0,4.2,3.4,213.9454467353952,5.6,1,498065
3.0,2440.0,9.0,0.94,190.65737704918033,7.0,5,465204
3.4,1712.0,9.1,4.31,207.93165887850466,4.4,0,355979
3.3,1536.0,6.8,2.28,283.900390625,8.3,1,436071
1.4,1336.0,7.6,6.3,189.3562874251497,3.4,5,252980
2.3,2306.0,5.7,2.33,140.14527320034694,3.3,2,323175
1.5,1357.0,5.0,9.39,117.91525423728814,3.5,2,160011
1.7,3793.0,8.1,2.18,140.6301080938571,4.7,2,533410
3.6,1672.0,9.0,2.18,182.74581339712918,8.6,2,305551
2.6,1976.0,6.6,3.52,206.7085020242915,3.6,5,408456
1.5,1942.0,6.6,9.4,149.21215242018536,2.5,5,289770
1.9,2889.0,3.4,0.55,237.36829352717203,2.9,6,685757
1.7,2231.0,6.1,2.3,180.01389511429852,2.7,4,401611
1.6,1333.0,3.3,1.48,148.62490622655665,3.6,3,198117
2.9,1771.0,7.0,5.64,167.0412196499153,7.9,2,295830
1.8,2262.0,6.4,11.98,185.4787798408488,4.8,0,419553
1.2,3071.0,5.1,1.03,185.58254640182352,4.2,5,569924
1.4,1335.0,7.2,7.09,219.53857677902622,4.4,0,293084
1.8,3134.0,6.8,8.04,169.22718570516912,3.8,0,530358
2.8,2314.0,3.0,3.11,213.3305963699222,6.8,0,493647
3.0,2504.0,3.5,1.11,274.86701277955274,8.0,6,688267
2.3,2920.0,5.0,8.74,151.47808219178083,3.3,5,442316
2.3,2459.0,9.2,11.65,186.27978853192354,6.3,0,458062
3.2,2538.0,4.0,14.29,132.11662726556344,6.2,2,335312
1.0,1868.0,8.0,5.14,227.89400428265526,5.0,1,425706
2.0,2298.0,9.8,8.21,219.6762402088773,7.0,0,504816
3.5,1530.0,8.5,2.17,275.97843137254904,4.5,6,422247
2.8,1725.0,4.7,1.96,193.6550724637681,3.8,3,334055
2.0,3572.0,9.4,5.35,193.95044792833147,7.0,5,692791
3.7,1353.0,3.7,3.99,298.330376940133,8.7,6,403641
3.3,2123.0,6.3,9.58,201.9439472444654,6.3,0,428727
1.8,2091.0,9.2,8.04,151.54901960784315,2.8,5,316889
2.9,1751.0,7.5,5.88,249.58309537407195,6.9,1,437020
2.8,2412.0,6.4,10.65,184.955223880597,4.8,0,446112
2.2,2472.0,5.0,3.35,246.94174757281553,4.2,6,610440
2.1,1259.0,5.6,1.4,252.7339158061954,7.1,4,318192
2.0,2081.0,6.6,11.2,151.56895723209996,5.0,2,315415
2.9,1134.0,5.2,5.39,177.8042328042328,4.9,3,201630
2.3,2631.0,9.8,1.72,263.99315849486885,3.3,6,694566
3.5,2141.0,9.5,9.44,207.53759925268565,8.5,5,444338
3.0,2066.0,9.1,10.85,203.1863504356244,7.0,0,419783
1.2,2527.0,6.0,2.63,155.53739612188366,6.2,2,393043
2.9,1780.0,7.8,1.04,239.19719101123596,6.9,0,425771
1.8,2731.0,9.3,6.79,202.7502746246796,6.8,5,553711
2.8,1241.0,9.0,7.55,289.05157131345686,7.8,0,358713
3.0,3130.0,5.9,4.51,164.33035143769968,8.0,4,514354
1.7,1559.0,3.8,4.06,142.64913406029507,5.7,2,222390
2.4,643.0,3.5,2.04,231.25505443234837,6.4,2,148697
1.6,1737.0,7.0,2.93,211.5043177892919,6.6,5,367383
1.2,1646.0,7.5,0.71,199.89003645200486,3.2,3,329019
2.1,1731.0,8.9,0.46,219.52455228191798,5.1,4,379997
2.1,2185.0,5.0,5.15,245.41144164759726,5.1,6,536224
4.0,2878.0,4.2,4.71,202.83391243919388,7.0,0,583756
2.3,1847.0,5.7,2.86,238.46237141310232,6.3,1,440440
2.0,1447.0,5.5,0.96,233.11472011057361,6.0,0,337317
2.7,1099.0,6.4,3.79,232.6960873521383,4.7,0,255733
1.3,1625.0,7.7,4.57,291.7224615384615,4.3,6,474049
3.9,500.0,6.6,7.06,361.576,6.9,0,180788
2.9,1420.0,8.0,3.69,189.68309859154928,7.9,4,269350
3.3,2995.0,5.5,2.42,171.63572621035058,7.3,4,514049
1.5,1341.0,5.3,5.08,157.662192393736,4.5,2,211425
2.2,2503.0,6.3,4.95,174.88893328006392,4.2,5,437747
2.3,1019.0,9.1,3.22,237.71050049067713,4.3,3,242227
3.5,3417.0,3.3,5.43,202.01316944688324,6.5,1,690279
1.0,3470.0,8.6,4.1,198.35821325648416,5.0,0,688303
1.9,2473.0,5.6,8.17,177.56611403154065,3.9,0,439121
3.9,3593.0,9.0,1.07,269.41052045644307,8.9,6,967992
2.4,2285.0,8.6,6.78,171.28577680525163,4.4,5,391388
2.1,2615.0,5.4,4.41,147.7694072657744,3.1,4,386417
1.4,3010.0,7.9,4.05,193.57541528239202,2.4,1,582662
3.9,2144.0,4.1,8.46,146.3330223880597,7.9,2,313738
1.1,758.0,9.3,4.63,200.54749340369392,4.1,4,152015
3.2,10375.600000000008,5.8,6.25,167.60929488415115,7.2,5,1739047
3.3,1623.0,6.2,2.69,222.7399876771411,7.3,3,361507
1.7,1682.0,7.9,4.85,177.14209274673007,5.7,2,297953
3.0,2238.0,8.7,6.37,188.64611260053618,7.0,3,422190
1.3,2453.0,4.7,4.21,237.0264981655116,6.3,6,581426
1.8,2120.0,7.6,1.94,264.0183962264151,6.8,6,559719
3.4,2509.0,5.7,4.64,174.9035472299721,5.4,0,438833
3.6,1435.0,5.6,8.73,188.66132404181184,4.6,3,270729
2.8,1966.0,7.8,1.52,237.03458799593082,6.8,5,466010
2.5,2679.0,5.7,2.83,190.802538260545,4.5,1,511160
1.5,3418.0,5.4,1.74,137.0450555880632,2.5,2,468420
1.2,3701.0,6.75,3.99,155.30370170224265,4.2,4,574779
1.4,2346.0,3.7,5.35,193.84782608695653,6.4,5,454767
1.7,2672.0,7.7,6.67,167.68151197604791,2.7,5,448045
2.0,3585.0,4.7,0.65,234.12301255230125,5.0,6,839331
2.1,1463.0,7.300000000000001,6.1,170.0663021189337,3.1,3,248807
2.0,2504.0,4.2,10.23,189.41253993610223,7.0,0,474289
1.7,2615.0,7.2,5.24,200.9736137667304,6.7,0,525546
2.5,3158.0,8.0,7.95,123.33597213426219,4.5,2,389495
3.5,1090.0,3.1,2.46,343.24128440366974,7.5,6,374133
1.8,1248.0,3.3,3.3,192.36217948717947,2.8,5,240068
3.8,2017.0,9.3,3.4,229.31631135349528,4.8,1,462531
3.6,2302.0,3.5,1.78,256.4782797567333,6.6,6,590413
1.5,2898.0,9.3,10.66,137.37922705314008,6.5,2,398125
3.4,2414.0,6.6,3.68,137.490057995029,4.4,2,331901
2.7,1879.0,8.2,1.66,309.1756253326237,7.7,6,580941
2.7,2333.0,5.2,5.44,132.43077582511788,3.7,2,308961
2.5,3396.0,7.9,2.34,156.81743227326265,6.5,4,532552
2.2,2133.0,5.8,4.26,235.9789029535865,3.2,6,503343
2.6,1694.0,3.5,2.31,195.2650531286895,7.6,3,330779
2.9,2360.0,8.1,0.41,271.6614406779661,4.9,6,641121
3.0,2159.0,7.3,11.38,137.8828161185734,4.0,2,297689
2.6,743.0,3.0,7.33,193.05248990578735,5.6,3,143438
3.2,1987.0,3.1,1.7,155.6059386009059,7.2,2,309189
1.4,1919.0,8.7,7.62,182.09379885356958,2.4,0,349438
1.6,1565.0,4.8,5.0,192.02811501597444,3.6,0,300524
3.5,2828.0,7.5,7.1,182.13189533239037,6.5,3,515069
2.0,1371.0,6.2,4.23,194.30853391684903,4.0,4,266397
1.1,2364.0,9.0,7.06,179.12140439932318,3.1,0,423443
1.5,1882.0,9.4,4.43,287.8395324123273,4.5,6,541714
1.7,2086.0,10.0,4.53,150.58964525407478,3.7,2,314130
3.9,2329.0,4.1,9.88,192.34349506225848,6.9,0,447968
2.7,954.0,9.0,6.75,238.9517819706499,3.7,0,227960
3.8,2153.0,4.9,0.54,189.18625174175568,6.8,4,407318
2.7,3831.0,7.1,4.32,170.4074654137301,5.7,3,652831
2.4,755.0,6.5,8.32,224.36953642384105,6.4,3,169399
1.9,1954.0,3.1,8.59,185.07267144319346,4.9,5,361632
2.8,2899.0,9.5,0.76,180.71231459123837,5.8,4,523885
1.4,2241.0,3.5,4.26,229.10486390004462,2.4,6,513424
3.7,2550.0,7.8,7.2,178.31960784313725,7.7,3,454715
3.5,500.0,8.5,4.56,362.494,8.5,2,181247
2.0,2479.0,8.6,2.42,170.93465106897943,3.0,4,423747
3.9,1391.0,3.9,8.75,172.59166067577283,4.9,0,240075
3.5,2248.0,6.1,6.83,159.6387900355872,8.5,2,358868
3.0,1976.0,8.8,2.42,158.83856275303643,6.0,2,313865
1.4,3823.0,5.1,8.69,171.84671723777137,3.4,0,656970
2.4,2437.0,6.3,4.4,179.87361510053344,6.4,4,438352
2.5,1910.0,6.4,8.09,185.39005235602093,4.5,0,354095
1.7,792.0,6.2,7.56,251.625,6.7,5,199287
1.2,2097.0,9.2,5.74,152.793037672866,2.2,2,320407
3.3,2659.0,6.2,1.5,202.94772470853704,4.3,1,539638
1.4,1936.0,6.9,4.26,228.6534090909091,5.4,1,442673
2.8,1595.0,5.8,2.07,279.68087774294673,3.8,6,446091
3.8,1542.0,6.2,7.65,189.3644617380026,4.8,3,292000
3.6,2428.0,3.1,2.13,213.57372322899505,7.6,0,518557
1.8,2608.0,6.4,5.63,202.09547546012269,5.8,0,527065
3.6,3089.0,6.1,2.43,274.0864357397216,8.6,6,846653
1.0,1204.0,7.4,5.27,224.09136212624585,2.0,6,269806
1.1,2421.0,6.2,1.15,222.1363073110285,2.1,6,537792
2.8,1903.0,5.4,1.03,169.3336836573831,7.8,2,322242
2.1,1926.0,6.6,2.74,185.20872274143304,5.1,5,356712
2.2,2321.0,4.7,9.98,165.59327875915554,5.2,0,384342
2.7,2326.0,9.5,3.73,150.402407566638,5.7,2,349836
1.6,2423.0,6.7,1.61,265.65910028889806,6.6,6,643692
1.6,1154.0,6.4,2.21,234.9254766031196,2.6,0,271104
2.5,1400.0,3.1,10.56,149.6807142857143,7.5,2,209553
3.3,3189.0,9.8,1.22,213.7384760112888,8.3,5,681612
2.9,1824.0,6.6,5.37,152.08936403508773,5.9,2,277411
1.9,2245.0,8.6,3.14,183.6053452115813,3.9,5,412194
2.3,2844.0,3.4,3.26,237.45991561181435,3.3,6,675336
1.5,2371.0,9.4,7.17,192.26824124841838,4.5,5,455868
1.2,2437.0,9.1,6.74,193.67090685268772,3.2,0,471976
3.3,2716.0,7.0,5.24,256.84646539027983,5.3,6,697595
1.5,1608.0,4.8,2.57,222.73134328358208,2.5,1,358152
3.1,2375.0,5.8,3.8,168.9461052631579,5.1,4,401247
2.9,3110.0,6.2,7.25,194.05980707395497,5.9,5,603526
2.9,2053.0,5.1,4.32,188.6814417924988,6.9,4,387363
1.7,1324.0,3.2,2.32,156.52416918429003,2.7,4,207238
1.7,1346.0,7.1,5.37,268.62035661218425,6.7,5,361563
1.7,2707.0,6.7,3.35,237.9146656815663,4.7,6,644035
1.5,1826.0,6.8,5.5,209.36527929901425,3.5,1,382301
3.0,1994.0,3.3,3.33,202.1705115346038,5.0,0,403128
3.5,2492.0,10.0,4.14,157.26243980738363,6.5,2,391898
3.2,500.0,6.4,4.94,333.71,5.2,0,166855
3.4,3600.0,8.3,4.01,136.7488888888889,7.4,2,492296
2.2,1415.0,6.2,7.06,190.00848056537103,3.2,0,268862
3.0,2194.0,3.3,1.81,201.69416590701914,7.0,5,442517
2.1,636.0,5.2,2.32,310.3679245283019,4.1,1,197394
2.6,1662.0,5.2,13.23,126.30204572803851,7.6,2,209914
2.4,2996.0,8.9,3.93,168.66455273698264,3.4,3,505319
1.5,500.0,7.6,4.28,276.324,2.5,6,138162
2.2,2901.0,4.9,2.03,196.52499138228197,5.2,0,570119
3.9,1781.0,9.8,3.54,213.98989331836046,6.9,0,381116
1.7,2390.0,5.3,11.8,127.69707112970711,6.7,2,305196
1.4,2526.0,10.0,3.35,240.43982581155979,2.4,6,607351
2.3,2353.0,10.0,2.38,267.03867403314916,7.3,6,628342
3.4,1308.0,4.3,9.19,195.41284403669724,6.4,5,255600
2.7,1708.0,5.2,8.06,155.97775175644028,5.7,3,266410
3.0,831.0,6.4,9.26,212.97472924187727,4.0,5,176982
1.6,2393.0,7.6,4.45,190.8679481821981,5.6,5,456747
2.9,3362.0,6.7,2.38,178.69839381320642,4.9,5,600784
2.0,540.0,9.8,6.24,293.7888888888889,5.0,5,158646
3.5,1391.0,8.1,6.76,216.74622573687995,6.5,5,301494
2.9,1855.0,4.5,1.15,238.06253369272238,6.9,1,441606
1.6,2139.0,3.7,4.48,264.109396914446,5.6,6,564930
1.2,2703.0,7.8,0.76,207.6696263411025,6.2,5,561331
1.1,1878.0,4.1,2.88,293.34078807241747,6.1,6,550894
2.1,1747.0,8.5,2.09,272.9421866056096,4.1,6,476830
1.8,2883.0,5.2,3.63,162.31148109608048,3.8,4,467944
2.9,2530.0,5.3,2.28,206.3901185770751,3.9,1,522167
2.5,2431.0,3.1,8.04,180.06746194981488,7.5,5,437744
1.8,2090.0,6.4,7.44,194.72966507177034,4.8,0,406985
1.4,2787.0,3.8,11.62,123.4599928238249,6.4,2,344083
1.4,1475.0,8.4,8.71,190.14372881355933,4.4,3,280462
3.6,1366.0,6.4,8.39,224.17203513909223,7.6,0,306219
1.7,2597.0,8.5,6.31,225.00500577589526,6.7,1,584338
3.0,700.0,7.1,1.29,219.16571428571427,7.0,2,153416
3.4,2074.0,3.6,2.43,235.02169720347155,5.4,1,487435
2.8,1747.0,8.4,0.92,269.96737263880937,4.8,6,471633
3.6,875.0,3.5,4.44,149.67771428571427,4.6,2,130968
2.2,1255.0,6.4,4.75,330.804780876494,7.2,6,415160
3.9,1913.0,4.2,1.11,228.95504443282803,7.9,0,437991
1.4,2827.0,8.3,6.6,194.6130173328617,4.4,0,550171
1.3,1478.0,9.4,8.56,141.52097428958052,3.3,2,209168
3.0,2971.0,6.9,5.75,130.58835408953215,5.0,2,387978
3.8,2051.0,6.6,4.88,174.9912237932716,6.8,5,358907
3.4,3048.0,8.3,5.14,227.58234908136484,7.4,1,693671
1.2,1516.0,3.0,1.8,206.8937994722955,5.2,5,313651
1.8,1961.0,9.4,2.26,261.33248342682305,6.8,1,512473
3.8,2295.0,4.4,6.14,187.18474945533768,8.8,5,429589
1.8,1856.0,9.9,3.98,258.6153017241379,2.8,6,479990
3.3,2762.0,8.2,6.36,139.29181752353367,5.3,2,384724
3.5,500.0,8.4,10.6,353.646,8.5,0,176823
2.5,3938.0,7.6,2.89,203.203656678517,6.5,1,800216
2.2,2686.0,6.3,3.4,204.2405063291139,5.2,1,548590
2.4,1861.0,6.4,7.06,244.14132186996238,6.4,0,454347
1.7,1558.0,3.3,5.35,185.98074454428755,3.7,5,289758
3.7,1307.0,7.4,4.65,231.03366488140782,7.7,1,301961
2.4,2516.0,7.4,1.49,186.35453100158983,3.4,3,468868
3.6,2796.0,9.2,1.95,248.64699570815452,5.6,6,695217
1.3,1870.0,6.5,11.45,129.8336898395722,4.3,2,242789
4.0,2886.0,3.5,4.87,182.28413028413027,5.0,0,526072
2.3,1274.0,5.1,4.16,175.5502354788069,4.3,2,223651
1.1,1133.0,7.6,5.3,162.84730803177405,4.1,3,184506
1.1,3451.0,4.7,1.58,201.28368588814837,2.1,1,694630
3.2,2473.0,5.0,5.77,202.35786494136676,4.2,1,500431
3.0,3117.0,8.7,1.42,177.05357715752325,5.0,3,551876
3.4,1317.0,7.1,8.7,236.69324221716022,8.4,0,311725
1.3,1261.0,6.45,2.97,243.2672482157018,2.3,6,306760
1.1,1713.0,5.2,4.21,123.58377116170462,2.1,4,211699
2.5,1341.0,8.1,2.17,246.83967188665176,5.5,0,331012
2.2,2564.0,5.0,3.35,168.2679407176287,6.2,4,431439
2.4,1399.0,8.2,5.27,194.27662616154396,4.4,3,271793
4.0,1063.0,3.5,4.92,206.2126058325494,6.0,5,219204
3.9,2114.0,9.1,2.42,197.04683065279093,8.9,4,416557
3.8,968.0,6.5,4.14,333.8698347107438,8.8,6,323186
3.4,560.0,6.1,9.04,232.65,5.4,5,130284
2.1,2107.0,7.3,0.71,180.0142382534409,7.1,4,379290
2.2,601.0,7.4,0.71,348.3144758735441,5.2,3,209337
2.6,2620.0,3.9,7.85,170.20076335877863,4.6,5,445926
3.5,884.0,8.3,1.44,271.1934389140271,8.5,3,239735
2.3,1765.0,9.3,5.66,202.37903682719548,6.3,3,357199
1.2,2116.0,8.7,3.77,246.28308128544424,2.2,6,521135
2.5,2393.0,5.4,1.2,159.74717927287924,4.5,4,382275
3.7,2138.0,8.7,1.38,186.25163704396633,4.7,4,398206
3.3,1153.0,5.5,3.27,229.3937554206418,4.3,4,264491
1.7,2570.0,3.7,10.98,177.92101167315175,2.7,0,457257
3.9,2768.0,9.7,7.06,188.08056358381504,5.9,0,520607
3.0,1035.0,6.4,2.98,287.96908212560385,7.0,0,298048
1.0,1855.0,6.2,1.05,276.88032345013477,6.0,6,513613
1.8,1780.0,5.8,1.11,209.04662921348316,3.8,5,372103
1.8,2176.0,5.3,7.71,177.62408088235293,6.8,3,386510
1.2,1836.0,9.9,2.17,260.61220043572985,4.2,1,478484
3.9,1946.0,3.9,0.31,186.09095580678314,4.9,4,362133
2.4,2513.0,5.2,2.4,174.08635097493035,5.4,3,437479
3.7,1109.0,6.4,1.83,201.88908926961227,5.7,4,223895
2.0,2590.0,6.3,5.55,247.64555984555986,6.0,6,641402
1.4,2913.0,6.3,2.66,183.4558874013045,6.4,4,534407
2.4,3307.0,4.2,3.05,175.5730269126096,3.4,0,580620
1.3,500.0,4.0,2.41,358.976,6.3,1,179488
2.5,1854.0,6.6,5.36,150.37864077669903,4.5,2,278802
3.8,500.0,9.4,0.39,436.42,8.8,4,218210
2.6,500.0,3.8,1.67,285.164,3.6,3,142582
2.8,2115.0,8.3,7.06,205.33664302600474,4.8,0,434287
1.5,1681.0,8.3,5.75,150.55621653777513,6.5,2,253085
1.1,2240.0,8.7,1.78,226.52544642857143,5.1,1,507417
1.3,2389.0,9.2,5.63,150.59773964001675,3.3,2,359778
2.8,2998.0,4.8,9.27,190.3685790527018,4.8,0,570725
1.3,2043.0,4.6,5.35,167.15418502202644,5.3,5,341496
2.1,4339.0,6.3,6.8,175.8451256049781,5.1,5,762992
2.7,2245.0,6.6,8.55,136.415144766147,3.7,2,306252
2.2,3474.0,8.1,3.94,243.9208405296488,5.2,6,847381
1.5,500.0,7.5,0.57,430.316,6.5,3,215158
1.8,3080.0,9.1,8.23,175.63279220779222,5.8,3,540949
3.8,1855.0,3.6,2.4,147.63504043126684,6.8,2,273863
3.0,500.0,9.4,2.13,416.866,5.0,4,208433
2.5,2336.0,5.1,3.77,184.17080479452054,7.5,4,430223
1.0,1758.0,6.4,4.14,195.34869169510807,6.0,3,343423
4.0,2464.0,6.1,8.36,176.38352272727272,7.0,3,434609
3.0,2809.0,6.6,4.81,193.33321466714133,6.0,5,543073
2.0,809.0,5.9,4.94,276.5302843016069,6.0,6,223713
3.6,2812.0,9.6,9.87,200.31863442389758,4.6,0,563296
1.8,2005.0,9.3,4.71,185.67481296758103,4.8,4,372278
2.6,3082.0,9.1,8.19,182.33322517845554,5.6,3,561951
2.9,1836.0,3.5,8.68,176.28812636165577,4.9,5,323665
1.7,1624.0,9.0,4.79,238.07758620689654,6.7,1,386638
3.9,2022.0,8.5,3.9,191.92235410484668,4.9,5,388067
3.2,2081.0,3.7,0.78,184.68765016818838,5.2,4,384335
2.7,1470.0,3.8,3.4,186.30408163265307,6.7,4,273867
1.5,1603.0,3.7,9.41,180.35059263880225,5.5,5,289102
1.2,1018.0,3.1,8.92,203.3467583497053,4.2,0,207007
2.0,1652.0,6.8,13.44,118.24213075060533,5.0,2,195336
3.3,2541.0,9.8,3.92,199.62258953168043,7.3,4,507241
2.6,2807.0,6.8,2.61,157.7114356964731,3.6,3,442696
3.2,1852.0,9.8,3.68,207.62041036717062,6.2,5,384513
1.3,855.0,4.8,1.23,393.2105263157895,6.3,6,336195
3.1,2478.0,9.0,8.75,135.362792574657,6.1,2,335429
1.3,1461.0,6.8,6.25,219.46885694729636,3.3,1,320644
3.9,1813.0,7.0,9.32,193.44125758411474,4.9,0,350709
2.5,2990.0,6.8,2.94,213.89096989966555,4.5,1,639534
1.5,1071.0,6.9,0.96,224.2436974789916,3.5,2,240165
2.0,2132.0,3.5,5.13,135.27861163227016,7.0,2,288414
2.2,1968.0,8.4,8.01,130.5604674796748,3.2,2,256943
3.3,2561.0,5.0,2.35,210.10230378758297,4.3,1,538072
3.2,2684.0,7.300000000000001,1.47,201.26788375558868,4.2,3,540203
2.8,2211.0,5.6,6.88,129.22523744911805,3.8,2,285717
1.3,1712.0,4.0,2.88,185.82476635514018,2.3,5,318132
1.5,2379.0,7.9,5.86,221.15048339638503,6.5,1,526117
1.3,3069.0,4.2,2.27,139.27044639947866,4.3,2,427421
2.7,1978.0,8.3,1.04,204.0535894843276,4.7,5,403618
3.6,1786.0,9.8,0.59,213.6993281075028,4.6,3,381667
2.3,2311.0,8.5,2.07,274.53483340545216,5.3,6,634450
1.5,2031.0,3.2,6.0,178.71688823239782,4.5,3,362974
3.4,2191.0,7.9,3.12,244.48105887722502,8.4,1,535658
3.2,923.0,8.8,3.38,283.6717226435536,7.2,4,261829
3.6,2300.0,3.4,5.76,137.83565217391305,7.6,2,317022
1.8,1362.0,6.4,3.31,199.65859030837004,4.8,4,271935
1.6,2029.0,6.7,0.97,185.2281912272055,3.6,5,375828
3.6,2312.0,4.2,2.4,257.23745674740485,7.6,6,594733
3.0,3963.0,5.3,9.65,184.68685339389353,6.0,0,731914
1.9,2594.0,6.1,7.17,186.11680801850423,6.9,3,482787
3.2,3092.0,8.8,4.11,259.3586675291074,7.2,6,801937
3.4,3497.0,9.5,3.66,129.9350872176151,6.4,2,454383
2.8,2391.0,7.4,2.42,184.52028439983272,5.8,4,441188
3.1,2229.0,7.300000000000001,8.77,171.09914759982055,4.1,3,381380
2.1,1147.0,4.8,0.77,218.21098517872713,7.1,4,250288
2.6,1907.0,9.9,1.48,222.1206082852648,3.6,1,423584
2.6,1422.0,9.9,0.89,220.62728551336147,4.6,4,313732
3.5,1679.0,9.5,2.37,214.66885050625373,4.5,1,360429
3.5,3497.0,8.5,2.49,168.30483271375465,4.5,5,588562
3.5,2092.0,5.3,4.66,176.9110898661568,7.5,3,370098
1.0,1299.0,8.7,4.48,227.63356428021555,4.0,3,295696
3.2,3100.0,5.9,10.89,184.6783870967742,8.2,0,572503
3.3,2764.0,5.3,1.37,146.92872648335745,4.3,2,406111
3.0,2806.0,8.2,2.32,225.09158945117605,8.0,1,631607
3.3,500.0,3.6,7.46,310.814,4.3,0,155407
3.5,3559.0,3.3,3.02,148.72745153132902,5.5,4,529321
2.4,8890.0,6.1,2.46,152.04623172103487,3.4,4,1351691
2.5,2622.0,6.1,9.93,176.10259344012204,6.5,0,461741
1.4,4019.0,9.3,1.07,173.48171186862405,4.4,3,697223
2.2,3724.0,3.9,3.97,156.48388829215898,4.2,4,582746
2.9,1218.0,3.9,5.35,177.76929392446633,3.9,5,216523
3.3,844.0,4.0,5.35,281.21800947867297,8.3,5,237348
1.7,3144.0,3.2,10.71,164.09033078880407,3.7,0,515900
1.4,2114.0,3.5,4.3,189.7530747398297,3.4,1,401138
3.0,1599.0,7.6,3.4,237.9793621013133,4.0,1,380529
1.0,2497.0,6.0,1.13,186.4124949939928,3.0,0,465472
1.5,1870.0,8.3,1.25,274.37754010695187,6.5,1,513086
1.1,2561.0,9.9,5.57,177.14564623194065,3.1,3,453670
1.5,2054.0,7.6,2.03,204.4143135345667,6.5,3,419867
1.5,2578.0,3.4,1.75,216.13770364623738,2.5,1,557203
2.2,1284.0,3.7,0.83,215.66978193146417,5.2,5,276920
2.2,3140.0,9.2,4.74,220.14171974522293,4.2,1,691245
3.6,2558.0,6.7,7.24,179.55082095387021,6.6,3,459291
2.5,2517.0,8.8,4.53,275.48390941597137,7.5,6,693393
3.2,1106.0,9.0,2.62,213.9394213381555,5.2,2,236617
1.3,3360.0,9.5,4.36,171.50565476190476,5.3,4,576259
1.7,1989.0,6.45,3.88,281.85771744595274,4.7,6,560615
3.1,2582.0,6.8,5.79,206.1502711076685,5.1,1,532280
1.2,1742.0,5.4,4.62,190.35763490241104,4.2,5,331603
2.5,2209.0,9.7,5.67,219.73381620642826,4.5,0,485392
2.8,2238.0,6.8,5.11,207.2207327971403,3.8,1,463760
2.8,500.0,3.4,1.44,298.056,5.8,5,149028
1.1,2466.0,6.6,7.93,129.0198702351987,2.1,2,318163
2.0,3572.0,6.8,5.42,212.10274356103022,6.0,1,757631
1.0,2432.0,9.3,7.4,183.73725328947367,6.0,3,446849
1.4,1234.0,6.4,11.51,189.1353322528363,3.4,0,233393
3.1,2520.0,5.4,6.88,178.15079365079364,6.1,5,448940
3.2,2848.0,9.8,2.47,187.5203651685393,8.2,5,534058
3.9,2410.0,8.6,0.78,212.79834024896266,6.9,5,512844
1.6,1941.0,7.4,7.37,137.44152498712003,3.6,2,266774
3.5,1806.0,5.1,3.48,236.64507198228128,7.5,1,427381
2.6,1803.0,5.6,4.14,140.6422628951747,3.6,2,253578
2.1,2558.0,7.7,0.86,180.94409695074276,6.1,4,462855
1.4,874.0,3.5,2.94,210.37185354691076,6.4,4,183865
3.2,1703.0,4.8,4.99,217.11626541397533,4.2,1,369749
1.7,3276.0,8.0,8.74,171.35775335775335,6.7,3,561368
2.1,3307.0,6.4,11.14,127.49410341699425,4.1,2,421623
1.2,817.0,5.8,9.68,181.76132190942474,2.2,0,148499
3.4,1095.0,4.1,6.15,234.4283105022831,8.4,5,256699
3.3,1784.0,6.1,9.47,177.96076233183857,5.3,5,317482
3.2,2714.0,8.4,4.24,230.59543109801032,7.2,1,625836
1.5,1956.0,6.75,4.56,180.17382413087935,4.5,4,352420
2.9,1621.0,7.7,4.48,192.4096236890808,4.9,4,311896
1.5,658.0,7.2,0.87,371.46504559270517,4.5,1,244424
3.1,2074.0,3.8,3.22,175.58919961427193,8.1,2,364172
4.0,1685.0,5.2,0.57,209.21424332344213,9.0,4,352526
3.2,3176.0,9.1,2.32,142.71568010075566,5.2,2,453265
3.2,2478.0,4.6,2.07,175.82364810330913,6.2,3,435691
3.9,1531.0,7.3,1.83,214.87785760940562,6.9,4,328978
1.6,2683.0,5.8,2.75,175.70555348490495,5.6,4,471418
2.7,1689.0,4.5,4.09,264.65304914150386,7.7,6,446999
3.9,2799.0,8.7,1.25,168.05394783851375,4.9,4,470383
1.5,1810.0,8.2,8.32,217.08011049723757,6.5,0,392915
3.1,2844.0,7.6,4.63,223.12869198312237,8.1,1,634578
2.8,2349.0,4.7,3.75,212.02341421881653,6.8,1,498043
2.8,4608.0,6.6,13.1,123.98806423611111,3.8,2,571337
3.1,1958.0,7.300000000000001,1.47,196.6956077630235,7.1,3,385130
3.8,2306.0,6.9,1.1,179.66435385949697,4.8,4,414306
3.3,1616.0,4.3,5.57,200.38799504950495,5.3,0,323827
1.2,2002.0,3.4,2.61,124.63636363636364,2.2,2,249522
3.6,500.0,3.6,3.32,455.916,7.6,6,227958
1.7,2372.0,9.9,6.28,155.9464586846543,6.7,2,369905
2.1,3074.0,8.5,4.74,132.73715029277813,3.1,2,408034
2.4,2317.0,9.5,1.06,183.2317652136383,3.4,4,424548
2.4,949.0,4.4,2.11,312.10432033719707,5.4,6,296187
2.3,1359.0,9.7,9.11,132.9036055923473,7.3,2,180616
3.8,500.0,4.0,7.23,239.576,5.8,0,119788
3.1,2783.0,6.6,2.59,206.00682716492994,7.1,0,573317
2.9,1195.0,8.8,1.15,268.0083682008368,4.9,1,320270
1.1,1977.0,5.4,3.35,274.17602427921094,6.1,6,542046
3.7,1877.0,6.0,0.42,269.9728289824188,4.7,6,506739
3.7,3190.0,6.8,5.68,187.59028213166144,4.7,1,598413
3.3,2068.0,3.9,5.75,173.33462282398452,8.3,2,358456
1.0,2647.0,7.3,4.19,222.43332074046089,2.0,6,588781
1.2,2437.0,7.7,10.56,156.02133771029955,2.2,0,380224
1.7,3088.0,8.4,1.85,196.07804404145077,2.7,0,605489
1.4,1809.0,6.9,2.26,181.16362631288004,5.4,4,327725
2.4,2686.0,4.1,3.34,202.21183916604616,4.4,1,543141
1.0,1307.0,9.9,4.98,269.7482785003826,6.0,1,352561
1.8,1606.0,3.5,12.15,130.38916562889165,6.8,2,209405
1.1,2456.0,7.8,3.42,191.88680781758958,6.1,3,471274
1.1,2449.0,4.2,8.63,160.47121273989384,4.1,5,392994
1.8,2485.0,8.0,2.42,166.57344064386317,5.8,4,413935
1.8,891.0,7.9,3.57,328.04040404040404,4.8,1,292284
3.4,3159.0,4.6,5.6,264.59544159544157,8.4,6,835857
3.9,1279.0,4.9,4.09,172.21110242376858,5.9,4,220258
2.1,1386.0,6.45,2.25,261.5461760461761,3.1,6,362503
2.3,2510.0,5.7,0.64,201.11354581673308,6.3,3,504795
3.5,1771.0,4.4,7.79,194.81592320722754,7.5,0,345019
1.5,500.0,6.8,4.3,369.144,5.5,1,184572
3.6,2227.0,9.0,4.66,212.2002694207454,8.6,4,472570
1.1,2174.0,6.6,4.18,180.54185832566696,6.1,4,392498
2.9,1592.0,3.7,2.32,200.5144472361809,5.9,4,319219
2.7,500.0,7.9,1.17,337.872,7.7,5,168936
2.0,1830.0,6.6,2.44,183.69398907103826,4.0,4,336160
1.9,1970.0,5.1,3.97,253.16192893401015,4.9,6,498729
3.3,1706.0,6.0,7.06,221.3780773739742,5.3,0,377671
1.3,531.0,5.1,4.99,277.9378531073446,2.3,3,147585
1.7,3276.0,4.8,7.23,142.81043956043956,3.7,2,467847
3.2,1489.0,4.1,1.62,163.76830087306917,4.2,4,243851
2.6,1822.0,5.5,2.06,221.89242590559823,3.6,1,404288
3.6,3276.0,7.8,1.36,214.8070818070818,6.6,1,703708
2.2,1627.0,7.8,2.14,307.01352181929934,7.2,6,499511
3.5,2079.0,6.5,2.34,254.3987493987494,8.5,1,528895
3.4,2897.0,8.4,8.83,130.0096651708664,4.4,2,376638
2.9,1459.0,8.9,1.5,219.5887594242632,3.9,0,320380
2.5,2771.0,7.1,3.4,199.8000721761097,5.5,1,553646
3.9,500.0,7.3,3.77,387.44,7.9,1,193720
1.4,2441.0,5.0,8.3,185.37402703809914,3.4,0,452498
3.2,3258.0,9.3,10.39,123.06169429097606,4.2,2,400935
1.6,1536.0,6.75,2.42,184.93815104166666,6.6,4,284065
2.0,2895.0,5.4,3.22,207.24248704663214,5.0,1,599967
1.9,3467.0,8.1,11.51,175.46668589558695,3.9,0,608343
3.8,1796.0,3.6,4.38,259.91648106904233,6.8,6,466810
3.9,1730.0,4.3,11.66,183.5335260115607,5.9,0,317513
1.5,1281.0,7.1,4.27,268.07416081186574,3.5,6,343403
1.1,1592.0,6.9,3.27,118.7713567839196,2.1,2,189084
3.2,1348.0,8.2,0.59,238.81973293768547,6.2,4,321929
2.3,1281.0,8.7,7.25,212.70569867291178,5.3,0,272476
1.3,2959.0,3.9,3.5,172.98783372761068,6.3,3,511871
3.1,1368.0,3.1,2.82,206.2171052631579,8.1,3,282105
1.0,2207.0,7.8,7.86,172.52605346624378,2.0,5,380765
3.9,2031.0,6.8,2.6,217.84785819793206,4.9,1,442449
1.7,3198.0,7.4,5.18,146.13508442776737,5.7,2,467340
2.2,1597.0,4.1,10.31,210.81903569192235,7.2,0,336678
2.6,2305.0,6.3,7.53,165.63731019522777,4.6,3,381794
3.4,2633.0,6.5,2.54,207.96240030383592,6.4,1,547565
2.6,3192.0,7.1,7.42,160.5704887218045,3.6,3,512541
2.8,1586.0,6.6,10.32,204.3575031525851,5.8,0,324111
1.7,1506.0,6.5,3.35,281.1268260292165,4.7,6,423377
1.0,1151.0,5.3,1.5,253.73501303214596,5.0,0,292049
2.3,3789.0,3.5,0.61,177.76563737133807,7.3,5,673554
1.4,3108.0,3.6,6.64,152.89221364221365,2.4,0,475189
3.0,1966.0,6.0,4.62,197.26347914547304,6.0,0,387820
1.6,3545.0,5.5,9.57,169.802538787024,2.6,5,601950
1.3,1919.0,6.6,11.33,141.9233976029182,3.3,2,272351
3.6,2580.0,5.1,9.31,190.2298449612403,7.6,0,490793
2.4,2008.0,7.8,9.2,189.46812749003985,4.4,5,380452
3.2,2318.0,9.0,5.73,195.81018119068162,4.2,1,453888
1.9,2233.0,5.1,2.02,236.0,2.9,6,526988
3.4,1660.0,4.4,1.22,283.85843373493975,8.4,6,471205
1.3,2874.0,3.8,9.14,172.64892136395267,4.3,0,496193
2.1,2573.0,7.3,5.75,143.2316362223086,5.1,2,368535
3.9,2822.0,6.1,7.29,140.5152374202693,5.9,2,396534
3.4,2256.0,4.3,4.18,234.40203900709218,7.4,1,528811
2.5,1275.0,6.4,10.96,218.70823529411766,5.5,0,278853
2.0,3368.0,4.0,2.55,239.47357482185274,7.0,6,806547
3.6,1790.0,6.9,11.47,151.50279329608938,5.6,2,271190
2.6,2291.0,6.7,7.06,199.4190309908337,4.6,0,456869
3.3,2508.0,8.1,6.31,174.3225677830941,8.3,3,437201
3.3,2286.0,3.4,0.92,153.6185476815398,7.3,2,351172
1.1,2732.0,9.2,8.44,192.07393850658858,6.1,5,524746
1.4,2859.0,7.9,5.3,178.46274921301153,5.4,3,510225
3.0,1820.0,4.5,5.75,153.94725274725275,8.0,2,280184
1.5,3300.0,4.3,3.35,244.95818181818183,6.5,6,808362
1.8,1786.0,6.0,1.5,170.0811870100784,2.8,4,303765
3.8,2269.0,8.7,4.65,181.91097399735565,5.8,3,412756
2.7,1690.0,6.8,2.92,242.48343195266273,7.7,1,409797
3.3,1461.0,6.6,1.55,262.23887748117727,8.3,1,383131
2.7,2835.0,9.0,2.1,254.92380952380952,5.7,6,722709
2.7,4498.0,3.0,10.72,119.9386393952868,4.7,2,539484
1.3,1711.0,3.2,8.28,139.52250146113383,4.3,0,238723
2.0,2972.0,9.4,1.87,144.65814266487214,4.0,2,429924
1.8,1739.0,8.4,4.27,270.51581368602643,4.8,6,470427
2.2,1992.0,6.2,0.72,258.0973895582329,7.2,1,514130
3.4,3406.0,8.3,8.23,137.67968291250733,8.4,2,468937
2.1,1141.0,9.7,1.96,280.58895705521473,3.1,1,320152
2.4,929.0,8.4,5.4,255.60495156081808,5.4,3,237457
2.2,1930.0,8.9,3.69,223.34455958549222,6.2,0,431055
1.3,2531.0,8.3,8.68,174.9261161596207,2.3,3,442738
2.3,2371.0,4.2,2.26,217.8625052720371,5.3,1,516552
1.6,2289.0,8.8,1.85,227.9895150720839,4.6,1,521868
1.6,2027.0,6.75,1.55,151.53675382338432,2.6,4,307165
1.3,2629.0,9.2,2.42,186.65119817421072,6.3,4,490706
2.1,500.0,6.2,5.8,259.2,5.1,3,129600
3.3,1399.0,7.7,7.18,228.590421729807,8.3,5,319798
1.8,1925.0,6.5,8.12,165.91792207792207,2.8,3,319392
1.9,2564.0,3.7,4.4,159.62285491419658,6.9,4,409273
2.9,8815.0,5.0,4.83,186.19931934203063,4.9,1,1641347
3.7,3166.0,9.7,7.51,176.7021478205938,6.7,3,559439
2.6,1638.0,6.8,1.62,254.26862026862028,6.6,1,416492
2.3,1896.0,10.0,4.25,290.01107594936707,7.3,6,549861
2.7,2465.0,8.9,3.95,255.21703853955376,5.7,6,629110
1.5,1837.0,7.3,2.42,178.25639629831247,6.5,4,327457
2.1,1676.0,9.3,9.52,148.6736276849642,3.1,2,249177
3.7,1688.0,6.9,11.47,186.19549763033174,6.7,0,314298
1.5,2842.0,9.1,0.75,161.27480647431386,3.5,4,458343
2.5,1390.0,8.8,1.69,201.48489208633094,4.5,4,280064
2.8,2199.0,8.8,9.15,150.5543428831287,5.8,2,331069
1.1,672.0,6.4,11.6,271.29613095238096,6.1,0,182311
2.1,3456.0,5.0,0.97,201.37702546296296,4.1,1,695959
3.2,2965.0,5.4,0.8,184.17200674536255,7.2,5,546070
3.5,4200.0,5.2,1.01,168.05619047619047,5.5,3,705836
1.9,3071.0,3.1,5.35,186.33800065125365,6.9,5,572244
3.4,1096.0,7.1,5.85,303.661496350365,8.4,1,332813
3.9,2535.0,7.9,3.55,194.45404339250493,7.9,4,492941
3.6,1266.0,9.0,8.37,206.1216429699842,5.6,0,260950
1.4,3262.0,4.0,2.65,171.93807480073573,6.4,4,560862
3.2,1119.0,6.8,4.46,301.5638963360143,6.2,6,337450
2.0,1081.0,3.1,1.0,177.9481961147086,3.0,4,192362
4.0,712.0,6.75,2.06,257.23174157303373,5.0,4,183149
2.5,1609.0,3.4,3.34,220.98570540708513,3.5,1,355566
1.4,1448.0,8.1,1.06,255.77486187845304,3.4,1,370362
3.2,991.0,3.6,2.92,293.25731584258324,7.2,1,290618
2.0,3592.0,8.0,3.45,177.59938752783964,7.0,5,637937
4.0,2424.0,4.7,0.54,266.63077557755776,7.0,6,646313
3.9,2330.0,9.1,1.22,231.71416309012875,6.9,1,539894
3.0,3271.0,6.4,9.35,188.72821767043718,5.0,0,617330
1.4,2205.0,9.7,0.76,178.27392290249432,2.4,5,393094
3.1,1401.0,9.2,5.75,146.76374018558172,5.1,2,205616
1.3,640.0,9.5,1.72,282.7921875,5.3,0,180987
1.1,1356.0,9.0,7.14,227.7433628318584,5.1,3,308820
3.5,3204.0,7.9,7.96,174.3567415730337,8.5,3,558639
1.6,996.0,4.2,11.34,249.65963855421685,6.6,0,248661
2.1,2283.0,4.9,5.6,214.0556285589137,6.1,1,488689
3.9,2827.0,4.5,4.78,148.21047046338876,7.9,2,418991
2.0,2228.0,7.2,5.4,149.48698384201077,6.0,2,333057
1.9,2319.0,6.6,4.44,183.64510564898663,3.9,5,425873
3.8,2524.0,9.1,2.78,159.2840729001585,7.8,2,402033
1.3,2303.0,9.7,0.73,202.1854103343465,4.3,3,465633
3.3,3287.0,5.8,4.91,225.7815637359294,4.3,6,742144
4.0,1168.0,6.5,3.72,304.0710616438356,8.0,1,355155
3.7,2192.0,9.8,9.12,120.3955291970803,4.7,2,263907
3.0,545.0,4.9,8.94,262.2862385321101,5.0,5,142946
1.8,1935.0,4.6,3.98,261.93488372093026,3.8,6,506844
3.5,2435.0,7.8,3.84,163.3552361396304,6.5,4,397770
3.6,3305.0,4.8,0.82,184.2680786686838,5.6,4,609006
2.6,3936.0,9.2,2.24,243.0327743902439,4.6,6,956577
1.7,3056.0,6.9,8.54,166.85111256544502,6.7,3,509897
1.3,2582.0,4.3,8.91,183.06041828040279,5.3,5,472662
1.3,2128.0,4.6,4.99,241.50234962406014,5.3,6,513917
3.2,775.0,6.8,3.11,286.45290322580644,6.2,1,222001
2.3,1883.0,9.7,5.54,261.3308550185874,5.3,1,492086
3.7,3032.0,8.4,0.52,183.9788918205805,7.7,4,557824
3.2,10375.600000000008,6.4,2.9,138.10468792166225,8.2,2,1432919
1.6,971.0,5.4,4.33,230.98455200823892,5.6,5,224286
2.8,2491.0,6.8,2.48,175.46607788036934,7.8,4,437086
2.3,2423.0,8.2,4.46,148.65332232769293,5.3,2,360187
2.7,2280.0,8.5,5.71,147.86447368421054,3.7,2,337131
3.2,1978.0,5.3,1.38,231.12537917087968,6.2,1,457166
1.0,2532.0,8.0,4.59,173.21563981042655,4.0,3,438582
3.5,2558.0,7.6,9.68,183.3240813135262,5.5,0,468943
1.8,1487.0,9.7,5.3,189.73167451244115,3.8,3,282131
1.1,2364.0,9.5,1.96,196.46954314720813,3.1,0,464454
3.2,1848.0,8.5,2.91,277.6363636363636,5.2,6,513072
1.3,810.0,6.8,4.59,277.2345679012346,6.3,1,224560
1.9,1551.0,4.9,8.05,152.48098001289492,5.9,2,236498
1.0,749.0,8.9,4.13,234.43791722296396,2.0,5,175594
3.0,2784.0,6.0,7.75,181.527658045977,6.0,0,505373
1.5,2285.0,7.300000000000001,8.54,169.6761487964989,6.5,3,387710
3.0,1716.0,5.7,2.18,135.72785547785548,4.0,2,232909
4.0,3136.0,6.4,5.14,202.8153698979592,9.0,0,636029
1.2,2054.0,4.0,5.32,201.7317429406037,6.2,0,414357
1.2,855.0,6.2,7.24,195.16608187134503,4.2,0,166867
2.0,1648.0,6.4,1.97,214.8998786407767,6.0,5,354155
3.6,3306.0,3.3,1.46,202.64337568058076,5.6,1,669939
1.6,1464.0,4.4,3.17,217.85724043715848,5.6,5,318943
2.1,2220.0,8.8,2.42,177.96306306306306,5.1,4,395078
1.2,2595.0,8.8,10.81,120.24547206165704,4.2,2,312037
3.3,2472.0,5.0,4.37,216.18527508090614,6.3,1,534410
2.2,3960.0,9.1,5.3,197.2459595959596,3.2,1,781094
3.3,1059.0,8.4,1.17,290.73937677053823,7.3,1,307893
3.7,1139.0,5.9,7.64,197.1115013169447,7.7,3,224510
1.7,1072.0,8.2,3.97,287.10820895522386,6.7,1,307780
3.4,1763.0,9.7,3.62,217.40102098695405,8.4,5,383278
1.2,2880.0,6.2,5.3,212.825,6.2,1,612936
3.7,1175.0,4.7,4.56,294.663829787234,6.7,6,346230
3.0,2891.0,9.6,12.32,139.19543410584572,7.0,2,402414
3.6,2028.0,7.2,1.09,244.91913214990137,6.6,1,496696
1.0,1113.0,3.7,13.99,119.99910152740341,2.0,2,133559
1.5,599.0,7.0,5.39,410.64607679465774,6.5,6,245977
2.2,778.0,6.5,2.23,332.6311053984576,5.2,6,258787
2.1,1467.0,9.0,1.79,163.54464894342195,5.1,2,239920
1.7,1865.0,6.7,2.63,208.76943699731905,2.7,0,389355
2.1,3077.0,4.8,4.77,155.49073773155672,4.1,4,478445
1.4,2639.0,7.7,5.3,172.51269420234937,5.4,3,455261
2.2,1329.0,6.8,4.76,248.52445447705043,4.2,0,330289
3.4,2327.0,4.6,3.99,223.1177481736141,8.4,0,519195
2.4,3321.0,7.0,2.91,189.84432399879555,5.4,5,630473
1.1,3499.0,8.8,6.03,153.14947127750787,2.1,3,535870
2.3,1748.0,3.2,4.01,192.27059496567506,3.3,3,336089
1.1,2767.0,7.4,11.61,178.42898445970366,5.1,0,493713
1.4,794.0,5.0,7.73,214.7531486146096,5.4,5,170514
3.1,1590.0,5.7,3.23,232.43899371069182,6.1,5,369578
3.5,1759.0,8.8,4.57,219.0437748720864,4.5,3,385298
3.1,500.0,4.9,4.29,289.082,4.1,0,144541
3.5,1903.0,8.1,1.41,317.5974776668418,8.5,6,604388
3.9,9325.0,3.7,13.76,121.4921179624665,8.9,2,1132914
2.9,2005.0,9.7,2.42,179.28428927680798,5.9,4,359465
2.7,2572.0,7.4,2.17,181.52643856920685,3.7,5,466886
2.9,2751.0,7.9,3.58,158.2820792439113,6.9,2,435434
2.6,1716.0,5.1,4.69,152.42890442890442,5.6,2,261568
2.9,1584.0,5.9,6.4,217.8794191919192,7.9,1,345121
2.3,2123.0,4.6,1.51,187.9571361281206,6.3,4,399033
1.7,2142.0,9.5,5.34,167.93230625583567,6.7,2,359711
1.4,2043.0,6.4,9.8,152.81204111600587,5.4,2,312195
1.2,2076.0,7.4,1.62,156.3651252408478,3.2,4,324614
1.8,1401.0,8.1,1.27,223.7408993576017,4.8,4,313461
1.1,2600.0,5.6,3.04,146.53153846153847,5.1,2,380982
2.7,2479.0,8.0,1.71,178.20734167002823,3.7,4,441776
1.9,931.0,7.7,2.33,193.59613319011817,2.9,2,180238
3.5,1689.0,7.9,1.15,177.32030787448195,7.5,2,299494
1.2,2074.0,6.4,5.23,232.95853423336547,5.2,1,483156
1.7,1573.0,5.7,2.3,235.6395422759059,5.7,0,370661
3.2,2510.0,4.6,11.38,129.16334661354583,4.2,2,324200
2.8,1946.0,8.8,4.54,254.4722507708119,3.8,6,495203
1.2,2135.0,7.3,5.44,192.24496487119438,5.2,5,410443
3.6,1679.0,6.1,3.1,194.17153067301965,8.6,3,326014
3.6,500.0,9.6,7.06,428.358,8.6,0,214179
2.0,500.0,3.3,9.04,289.686,4.0,0,144843
2.0,2472.0,9.0,7.52,199.9902912621359,5.0,0,494376
4.0,2214.0,10.0,4.33,239.0460704607046,9.0,1,529248
2.9,2351.0,9.2,1.02,161.2292641429179,3.9,2,379050
2.6,2108.0,8.7,5.97,256.25948766603415,7.6,1,540195
3.5,2172.0,5.6,1.79,141.88029465930018,5.5,2,308164
1.9,2775.0,4.6,3.4,198.0745945945946,3.9,1,549657
2.3,2356.0,8.1,2.82,212.8081494057725,5.3,1,501376
1.8,2833.0,5.1,0.61,201.9724673490999,6.8,5,572188
3.4,2137.0,4.2,2.96,250.84043051006083,4.4,6,536046
2.7,1760.0,8.5,4.92,205.80511363636364,3.7,1,362217
3.0,2155.0,5.2,8.01,186.60417633410674,7.0,5,402132
1.8,1331.0,9.4,4.26,190.29151014274981,2.8,4,253278
1.7,1696.0,6.45,2.91,288.6698113207547,4.7,6,489584
2.5,2142.0,8.9,4.18,243.32259570494864,5.5,1,521197
3.2,2131.0,8.4,1.21,192.86625997184422,4.2,3,410998
2.6,1915.0,9.2,6.24,185.31279373368147,3.6,0,354874
1.1,889.0,8.6,1.0,251.01237345331833,5.1,4,223150
3.6,2509.0,6.75,1.96,175.9816660023914,4.6,4,441538
1.2,2667.0,5.1,3.56,184.5339332583427,5.2,5,492152
3.9,3315.0,9.2,2.21,180.14871794871794,7.9,4,597193
1.1,2353.0,8.9,3.35,243.39906502337442,2.1,6,572718
3.1,2001.0,6.3,5.82,212.02348825587205,5.1,1,424259
1.2,1190.0,3.3,3.4,195.67731092436975,3.2,1,232856
3.7,3194.0,7.5,8.64,172.62429555416406,7.7,3,551362
2.4,2198.0,3.4,9.29,156.36669699727025,3.4,0,343694
1.4,2155.0,9.5,5.2,184.52157772621808,3.4,5,397644
2.0,1797.0,9.7,8.0,201.74179187534781,3.0,0,362530
1.5,1746.0,4.3,0.76,154.99026345933564,2.5,4,270613
1.5,2551.0,7.300000000000001,7.52,163.3512348098785,2.5,3,416709
3.8,1183.0,3.6,7.3,237.5832628909552,8.8,0,281061
2.3,3300.0,8.1,5.53,226.08272727272728,3.3,6,746073
3.4,3126.0,5.4,4.22,208.82469609724888,8.4,1,652786
2.9,1717.0,6.75,4.05,191.60221316249272,6.9,4,328981
3.0,1309.0,5.6,7.15,196.23987776928954,5.0,3,256878
1.4,500.0,6.4,4.64,259.7,3.4,0,129850
1.7,999.0,5.8,5.35,215.0850850850851,3.7,5,214870
3.4,2584.0,3.8,2.61,245.48335913312692,5.4,6,634329
3.9,2252.0,7.0,2.8,252.58525754884548,5.9,6,568822
1.8,2395.0,3.3,3.45,186.18789144050103,3.8,0,445920
1.8,524.0,6.7,5.77,319.66603053435114,3.8,1,167505
2.4,1683.0,9.2,6.85,213.75995246583483,6.4,0,359758
4.0,3094.0,8.9,4.7,161.76696832579185,5.0,4,500507
1.8,1923.0,9.2,9.86,177.4414976599064,4.8,0,341220
2.2,982.0,9.5,3.27,400.4775967413442,7.2,6,393269
3.7,1911.0,3.7,8.36,185.59183673469389,6.7,3,354666
1.0,1383.0,3.9,6.43,183.21330441070137,4.0,0,253384
1.1,2267.0,6.9,5.72,218.28407587119543,2.1,1,494850
2.8,2016.0,9.3,3.5,189.79117063492063,3.8,3,382619
3.7,2435.0,9.8,4.01,188.72032854209445,4.7,5,459534
1.7,1026.0,3.3,6.54,168.4366471734893,3.7,2,172816
2.4,1641.0,5.5,6.9,204.79890310786107,6.4,0,336075
2.4,2872.0,4.5,3.72,222.09575208913648,4.4,1,637859
2.4,917.0,8.3,4.65,262.42748091603056,6.4,3,240646
2.9,1198.0,7.5,2.24,300.59015025041737,6.9,1,360107
2.4,2159.0,3.8,8.94,174.31357109773043,5.4,5,376343
2.3,2229.0,6.45,3.44,263.9322566173172,5.3,6,588305
2.4,1609.0,7.8,2.85,245.2902423865755,6.4,1,394672
2.8,1777.0,8.5,5.92,192.65109735509284,6.8,3,342341
2.6,2427.0,6.8,5.01,203.35723114956735,4.6,1,493548
3.6,2680.0,9.2,6.16,222.18246268656716,5.6,1,595449
1.1,1145.0,7.0,3.4,267.76768558951966,4.1,1,306594
3.5,9378.0,8.7,0.8,152.94039240776286,4.5,4,1434275
3.5,3210.0,8.7,2.28,169.40280373831774,7.5,4,543783
1.9,1907.0,4.3,2.86,249.91767173571054,3.9,6,476593
2.4,1136.0,3.8,10.84,187.49031690140845,5.4,0,212989
2.3,1099.0,8.0,3.4,246.81073703366698,4.3,1,271245
1.7,1871.0,6.6,9.18,183.02137894174237,5.7,5,342433
2.2,2829.0,8.9,6.21,184.12619300106044,6.2,0,520893
1.1,1967.0,8.1,9.36,202.05948144382307,6.1,5,397451
1.8,2151.0,8.9,7.06,210.4700139470014,2.8,0,452721
3.5,1203.0,5.1,5.07,314.9093931837074,8.5,6,378836
1.9,2786.0,5.2,5.99,197.27279253409907,4.9,1,549602
3.5,1083.0,7.7,3.4,276.2511542012927,5.5,1,299180
2.6,1596.0,3.2,1.08,148.76503759398497,5.6,2,237429
3.6,2504.0,8.1,2.15,212.49480830670927,7.6,5,532087
2.7,500.0,8.9,8.1,327.554,7.7,0,163777
1.1,2139.0,5.9,1.04,196.37353903693315,6.1,0,420043
3.0,1169.0,8.4,0.59,251.60906757912747,8.0,4,294131
1.1,2013.0,4.2,3.88,141.75707898658717,4.1,2,285357
2.4,1718.0,5.3,4.78,165.97497089639114,6.4,3,285145
3.8,3685.0,9.8,5.05,181.85563093622795,5.8,3,670138
1.5,1686.0,9.9,0.45,182.1814946619217,3.5,4,307158
2.2,3474.0,6.6,1.07,175.5984455958549,5.2,4,610029
3.2,2470.0,9.5,2.55,203.68623481781376,8.2,4,503105
3.6,1359.0,6.7,5.95,205.60706401766004,4.6,5,279420
3.0,2265.0,5.0,1.94,200.85474613686534,6.0,5,454936
1.8,1756.0,4.9,2.44,257.375284738041,4.8,6,451951
3.0,2194.0,9.5,5.1,300.1435733819508,7.0,6,658515
1.9,1429.0,4.2,4.8,152.35339398180545,3.9,4,217713
3.2,3352.0,7.1,14.23,121.36187350835323,6.2,2,406805
3.9,2740.0,6.9,10.67,177.42737226277373,6.9,0,486151
3.2,2025.0,8.2,4.15,228.02716049382715,8.2,5,461755
3.6,3383.0,6.5,10.17,141.58409695536506,8.6,2,478979
1.0,2059.0,4.9,2.9,212.54735308402138,2.0,1,437635
3.2,2878.0,4.2,6.44,180.17929117442668,7.2,5,518556
3.5,2031.0,7.3,3.38,198.685376661743,4.5,5,403530
1.1,2315.0,8.0,3.53,283.80345572354213,6.1,6,657005
3.6,1935.0,7.0,6.64,200.09974160206718,5.6,0,387193
1.8,2076.0,8.2,1.03,221.3029865125241,6.8,0,459425
3.0,2136.0,4.0,7.07,156.3628277153558,7.0,3,333991
3.4,1464.0,9.2,0.65,251.85860655737704,8.4,3,368721
3.0,1679.0,7.1,2.97,207.63073257891602,7.0,3,348612
1.3,1827.0,3.9,0.6,197.86535303776682,5.3,3,361500
2.8,2184.0,6.2,2.66,223.13324175824175,6.8,1,487323
2.6,1976.0,8.9,0.78,253.02277327935224,6.6,1,499973
3.7,2938.0,9.3,8.82,193.63036078965283,7.7,5,568886
2.2,2678.0,4.9,2.17,152.1157580283794,4.2,4,407366
2.0,1843.0,8.0,3.35,273.4134563212154,3.0,6,503901
3.2,3105.0,3.7,2.19,244.09983896940417,6.2,6,757930
2.2,3498.0,3.2,5.73,167.88707833047457,3.2,3,587269
2.9,500.0,6.9,7.66,295.366,6.9,5,147683
2.9,2746.0,7.9,5.75,129.43481427530955,4.9,2,355428
3.7,1446.0,8.6,3.67,208.91078838174275,8.7,4,302085
2.8,2641.0,5.4,8.75,179.40439227565315,4.8,5,473807
2.5,2991.0,3.0,4.19,162.58408559010365,6.5,4,486289
1.4,1298.0,6.4,3.33,196.40215716486904,3.4,4,254930
1.5,2668.0,3.6,6.34,178.75974512743628,5.5,5,476931
1.5,2108.0,7.300000000000001,4.73,194.9018026565465,3.5,3,410853
2.9,665.0,6.1,4.12,385.29323308270676,5.9,6,256220
3.2,4024.0,5.0,4.72,237.20104373757457,6.2,6,954497
2.6,2500.0,7.1,6.68,161.3568,4.6,3,403392
3.5,2536.0,3.4,4.11,186.69440063091483,8.5,4,473457
4.0,3093.0,4.0,1.76,152.27901713546717,8.0,2,470999
3.5,1535.0,7.9,1.11,221.6358306188925,6.5,0,340211
3.1,2104.0,4.0,2.93,214.97053231939162,8.1,5,452298
2.6,945.0,7.5,10.88,217.16613756613756,4.6,0,205222
2.3,1514.0,7.300000000000001,7.35,205.8447820343461,7.3,3,311649
1.3,2309.0,5.9,10.12,130.92031182330012,2.3,2,302295
2.2,668.0,4.2,6.91,195.65419161676647,5.2,5,130697
